method,optimization,input_size,input_channels,kernel,out_channels,stride,padding,out_h,out_w,warmup,iterations,mean_ms,std_ms,min_ms,gflops,workspace_mb,im2col_ms,gemm_ms,max_abs_error,checksum,notes,gpu
direct_baseline,baseline,256,3,3,1,1,1,256,256,6,60,0.004007,0.001252,0.003104,883.087582,0.000000,0.000000,0.000000,0.000000,-54.900222,one thread per output,NVIDIA GeForce RTX 5090
shared_tile,shared_memory_tiling,256,3,3,1,1,1,256,256,6,60,0.004804,0.000636,0.003296,736.707005,0.000000,0.000000,0.000000,0.000000,-54.900222,"16x16 output tile, shared input tile",NVIDIA GeForce RTX 5090
register_block2,register_blocking,256,3,3,1,1,1,256,256,6,60,0.004447,0.000843,0.003264,795.721312,0.000000,0.000000,0.000000,0.000000,-54.900222,one thread computes two neighboring outputs,NVIDIA GeForce RTX 5090
cross_channel4,cross_output_channel_reuse,256,3,3,1,1,1,256,256,6,60,0.005092,0.000527,0.004160,695.037183,0.000000,0.000000,0.000000,0.000000,-54.900222,one thread reuses input patch for four filters,NVIDIA GeForce RTX 5090
implicit_im2col,implicit_im2col,256,3,3,1,1,1,256,256,6,60,0.004972,0.000471,0.004192,711.736565,0.000000,0.000000,0.000000,0.000000,-54.900222,GEMM-like block layout without materialized columns,NVIDIA GeForce RTX 5090
tensor_core_tf32,tensor_core_tf32_gemmex,256,3,3,1,1,1,256,256,6,60,0.022172,0.000978,0.021056,159.615126,6.750000,0.007766,0.006613,0.000000,-54.900229,explicit im2col plus cublasGemmEx FAST_TF32,NVIDIA GeForce RTX 5090
direct_baseline,baseline,256,3,3,1,2,1,128,128,6,60,0.003833,0.000738,0.003072,230.848877,0.000000,0.000000,0.000000,0.000000,24.551269,one thread per output,NVIDIA GeForce RTX 5090
shared_tile,shared_memory_tiling,256,3,3,1,2,1,128,128,6,60,0.005079,0.000437,0.004160,174.178915,0.000000,0.000000,0.000000,0.000000,24.551269,"16x16 output tile, shared input tile",NVIDIA GeForce RTX 5090
register_block2,register_blocking,256,3,3,1,2,1,128,128,6,60,0.005284,0.001025,0.004000,167.428341,0.000000,0.000000,0.000000,0.000000,24.551269,one thread computes two neighboring outputs,NVIDIA GeForce RTX 5090
cross_channel4,cross_output_channel_reuse,256,3,3,1,2,1,128,128,6,60,0.005177,0.000349,0.004256,170.895231,0.000000,0.000000,0.000000,0.000000,24.551269,one thread reuses input patch for four filters,NVIDIA GeForce RTX 5090
implicit_im2col,implicit_im2col,256,3,3,1,2,1,128,128,6,60,0.003387,0.000513,0.002720,261.199814,0.000000,0.000000,0.000000,0.000000,24.551269,GEMM-like block layout without materialized columns,NVIDIA GeForce RTX 5090
tensor_core_tf32,tensor_core_tf32_gemmex,256,3,3,1,2,1,128,128,6,60,0.016713,0.000966,0.015776,52.938473,1.687500,0.004355,0.004540,0.000000,24.551270,explicit im2col plus cublasGemmEx FAST_TF32,NVIDIA GeForce RTX 5090
direct_baseline,baseline,256,3,3,1,3,1,86,86,6,60,0.003779,0.000816,0.003104,105.694426,0.000000,0.000000,0.000000,0.000000,-5.102960,one thread per output,NVIDIA GeForce RTX 5090
shared_tile,shared_memory_tiling,256,3,3,1,3,1,86,86,6,60,0.008149,0.001348,0.006752,49.008180,0.000000,0.000000,0.000000,0.000000,-5.102960,"16x16 output tile, shared input tile",NVIDIA GeForce RTX 5090
register_block2,register_blocking,256,3,3,1,3,1,86,86,6,60,0.005213,0.000395,0.004160,76.616022,0.000000,0.000000,0.000000,0.000000,-5.102960,one thread computes two neighboring outputs,NVIDIA GeForce RTX 5090
cross_channel4,cross_output_channel_reuse,256,3,3,1,3,1,86,86,6,60,0.005469,0.000423,0.005024,73.022428,0.000000,0.000000,0.000000,0.000000,-5.102960,one thread reuses input patch for four filters,NVIDIA GeForce RTX 5090
implicit_im2col,implicit_im2col,256,3,3,1,3,1,86,86,6,60,0.003293,0.000499,0.002336,121.270446,0.000000,0.000000,0.000000,0.000000,-5.102960,GEMM-like block layout without materialized columns,NVIDIA GeForce RTX 5090
tensor_core_tf32,tensor_core_tf32_gemmex,256,3,3,1,3,1,86,86,6,60,0.020434,0.000971,0.019648,19.544944,0.761765,0.003785,0.008756,0.000000,-5.102960,explicit im2col plus cublasGemmEx FAST_TF32,NVIDIA GeForce RTX 5090
direct_baseline,baseline,512,3,3,1,1,1,512,512,6,45,0.005555,0.000598,0.004928,2548.202761,0.000000,0.000000,0.000000,0.000000,126.556898,one thread per output,NVIDIA GeForce RTX 5090
shared_tile,shared_memory_tiling,512,3,3,1,1,1,512,512,6,45,0.006915,0.000504,0.006080,2047.157545,0.000000,0.000000,0.000000,0.000000,126.556898,"16x16 output tile, shared input tile",NVIDIA GeForce RTX 5090
register_block2,register_blocking,512,3,3,1,1,1,512,512,6,45,0.004971,0.000526,0.004096,2847.455311,0.000000,0.000000,0.000000,0.000000,126.556898,one thread computes two neighboring outputs,NVIDIA GeForce RTX 5090
cross_channel4,cross_output_channel_reuse,512,3,3,1,1,1,512,512,6,45,0.009944,0.000698,0.008224,1423.524028,0.000000,0.000000,0.000000,0.000000,126.556898,one thread reuses input patch for four filters,NVIDIA GeForce RTX 5090
implicit_im2col,implicit_im2col,512,3,3,1,1,1,512,512,6,45,0.010994,0.000607,0.009536,1287.533794,0.000000,0.000000,0.000000,0.000000,126.556898,GEMM-like block layout without materialized columns,NVIDIA GeForce RTX 5090
tensor_core_tf32,tensor_core_tf32_gemmex,512,3,3,1,1,1,512,512,6,45,0.038575,0.000578,0.037440,366.968260,27.000000,0.020117,0.010539,0.000000,126.556896,explicit im2col plus cublasGemmEx FAST_TF32,NVIDIA GeForce RTX 5090
direct_baseline,baseline,512,3,3,1,2,1,256,256,6,45,0.004469,0.000935,0.003200,791.954177,0.000000,0.000000,0.000000,0.000000,-9.242521,one thread per output,NVIDIA GeForce RTX 5090
shared_tile,shared_memory_tiling,512,3,3,1,2,1,256,256,6,45,0.005710,0.001053,0.004864,619.833105,0.000000,0.000000,0.000000,0.000000,-9.242521,"16x16 output tile, shared input tile",NVIDIA GeForce RTX 5090
register_block2,register_blocking,512,3,3,1,2,1,256,256,6,45,0.004895,0.000500,0.004032,723.033560,0.000000,0.000000,0.000000,0.000000,-9.242521,one thread computes two neighboring outputs,NVIDIA GeForce RTX 5090
cross_channel4,cross_output_channel_reuse,512,3,3,1,2,1,256,256,6,45,0.004896,0.000460,0.004192,722.823533,0.000000,0.000000,0.000000,0.000000,-9.242521,one thread reuses input patch for four filters,NVIDIA GeForce RTX 5090
implicit_im2col,implicit_im2col,512,3,3,1,2,1,256,256,6,45,0.005321,0.000385,0.004320,665.059469,0.000000,0.000000,0.000000,0.000000,-9.242521,GEMM-like block layout without materialized columns,NVIDIA GeForce RTX 5090
tensor_core_tf32,tensor_core_tf32_gemmex,512,3,3,1,2,1,256,256,6,45,0.021788,0.000886,0.019328,162.422977,6.750000,0.007844,0.006048,0.000000,-9.242525,explicit im2col plus cublasGemmEx FAST_TF32,NVIDIA GeForce RTX 5090
direct_baseline,baseline,512,3,3,1,3,1,171,171,6,45,0.004233,0.000897,0.003232,373.003270,0.000000,0.000000,0.000000,0.000000,-3.613158,one thread per output,NVIDIA GeForce RTX 5090
shared_tile,shared_memory_tiling,512,3,3,1,3,1,171,171,6,45,0.007681,0.000545,0.007072,205.581747,0.000000,0.000000,0.000000,0.000000,-3.613158,"16x16 output tile, shared input tile",NVIDIA GeForce RTX 5090
register_block2,register_blocking,512,3,3,1,3,1,171,171,6,45,0.004979,0.000471,0.004032,317.122028,0.000000,0.000000,0.000000,0.000000,-3.613158,one thread computes two neighboring outputs,NVIDIA GeForce RTX 5090
cross_channel4,cross_output_channel_reuse,512,3,3,1,3,1,171,171,6,45,0.005586,0.000559,0.004960,282.684715,0.000000,0.000000,0.000000,0.000000,-3.613158,one thread reuses input patch for four filters,NVIDIA GeForce RTX 5090
implicit_im2col,implicit_im2col,512,3,3,1,3,1,171,171,6,45,0.003947,0.000861,0.003136,400.088010,0.000000,0.000000,0.000000,0.000000,-3.613158,GEMM-like block layout without materialized columns,NVIDIA GeForce RTX 5090
tensor_core_tf32,tensor_core_tf32_gemmex,512,3,3,1,3,1,171,171,6,45,0.018591,0.000821,0.016672,84.936253,3.011730,0.005699,0.005052,0.000000,-3.613156,explicit im2col plus cublasGemmEx FAST_TF32,NVIDIA GeForce RTX 5090
direct_baseline,baseline,1024,3,3,1,1,1,1024,1024,6,30,0.011874,0.000609,0.011264,4768.609433,0.000000,0.000000,0.000000,0.000000,138.641428,one thread per output,NVIDIA GeForce RTX 5090
shared_tile,shared_memory_tiling,1024,3,3,1,1,1,1024,1024,6,30,0.013854,0.000602,0.013312,4087.169713,0.000000,0.000000,0.000000,0.000000,138.641428,"16x16 output tile, shared input tile",NVIDIA GeForce RTX 5090
register_block2,register_blocking,1024,3,3,1,1,1,1024,1024,6,30,0.010171,0.000695,0.009280,5567.295200,0.000000,0.000000,0.000000,0.000000,138.641428,one thread computes two neighboring outputs,NVIDIA GeForce RTX 5090
cross_channel4,cross_output_channel_reuse,1024,3,3,1,1,1,1024,1024,6,30,0.021265,0.000612,0.019680,2662.728732,0.000000,0.000000,0.000000,0.000000,138.641428,one thread reuses input patch for four filters,NVIDIA GeForce RTX 5090
implicit_im2col,implicit_im2col,1024,3,3,1,1,1,1024,1024,6,30,0.032107,0.000468,0.031616,1763.593343,0.000000,0.000000,0.000000,0.000000,138.641428,GEMM-like block layout without materialized columns,NVIDIA GeForce RTX 5090
tensor_core_tf32,tensor_core_tf32_gemmex,1024,3,3,1,1,1,1024,1024,6,30,0.128625,0.000965,0.127264,440.218276,108.000000,0.076994,0.042983,0.000000,138.641426,explicit im2col plus cublasGemmEx FAST_TF32,NVIDIA GeForce RTX 5090
direct_baseline,baseline,1024,3,3,1,2,1,512,512,6,30,0.007290,0.000575,0.006208,1941.913964,0.000000,0.000000,0.000000,0.000000,106.535494,one thread per output,NVIDIA GeForce RTX 5090
shared_tile,shared_memory_tiling,1024,3,3,1,2,1,512,512,6,30,0.009920,0.002024,0.009152,1426.993543,0.000000,0.000000,0.000000,0.000000,106.535494,"16x16 output tile, shared input tile",NVIDIA GeForce RTX 5090
register_block2,register_blocking,1024,3,3,1,2,1,512,512,6,30,0.005609,0.000662,0.004864,2523.971103,0.000000,0.000000,0.000000,0.000000,106.535494,one thread computes two neighboring outputs,NVIDIA GeForce RTX 5090
cross_channel4,cross_output_channel_reuse,1024,3,3,1,2,1,512,512,6,30,0.008123,0.000930,0.007136,1742.749837,0.000000,0.000000,0.000000,0.000000,106.535494,one thread reuses input patch for four filters,NVIDIA GeForce RTX 5090
implicit_im2col,implicit_im2col,1024,3,3,1,2,1,512,512,6,30,0.011145,0.000526,0.009472,1270.199090,0.000000,0.000000,0.000000,0.000000,106.535494,GEMM-like block layout without materialized columns,NVIDIA GeForce RTX 5090
tensor_core_tf32,tensor_core_tf32_gemmex,1024,3,3,1,2,1,512,512,6,30,0.038050,0.000785,0.036192,372.029598,27.000000,0.019966,0.010010,0.000000,106.535486,explicit im2col plus cublasGemmEx FAST_TF32,NVIDIA GeForce RTX 5090
direct_baseline,baseline,1024,3,3,1,3,1,342,342,6,30,0.005466,0.001313,0.004384,1155.601583,0.000000,0.000000,0.000000,0.000000,-21.538532,one thread per output,NVIDIA GeForce RTX 5090
shared_tile,shared_memory_tiling,1024,3,3,1,3,1,342,342,6,30,0.009497,0.000729,0.008320,665.090695,0.000000,0.000000,0.000000,0.000000,-21.538532,"16x16 output tile, shared input tile",NVIDIA GeForce RTX 5090
register_block2,register_blocking,1024,3,3,1,3,1,342,342,6,30,0.005462,0.000551,0.004512,1156.278554,0.000000,0.000000,0.000000,0.000000,-21.538532,one thread computes two neighboring outputs,NVIDIA GeForce RTX 5090
cross_channel4,cross_output_channel_reuse,1024,3,3,1,3,1,342,342,6,30,0.006147,0.000784,0.005184,1027.468770,0.000000,0.000000,0.000000,0.000000,-21.538532,one thread reuses input patch for four filters,NVIDIA GeForce RTX 5090
implicit_im2col,implicit_im2col,1024,3,3,1,3,1,342,342,6,30,0.007165,0.000389,0.006272,881.539752,0.000000,0.000000,0.000000,0.000000,-21.538532,GEMM-like block layout without materialized columns,NVIDIA GeForce RTX 5090
tensor_core_tf32,tensor_core_tf32_gemmex,1024,3,3,1,3,1,342,342,6,30,0.026663,0.001703,0.025760,236.880525,12.046921,0.011703,0.006958,0.000000,-21.538532,explicit im2col plus cublasGemmEx FAST_TF32,NVIDIA GeForce RTX 5090
direct_baseline,baseline,2048,3,3,1,1,1,2048,2048,4,20,0.038661,0.000997,0.037792,5858.451310,0.000000,0.000000,0.000000,0.000000,55.736657,one thread per output,NVIDIA GeForce RTX 5090
shared_tile,shared_memory_tiling,2048,3,3,1,1,1,2048,2048,4,20,0.044728,0.000684,0.044096,5063.772439,0.000000,0.000000,0.000000,0.000000,55.736657,"16x16 output tile, shared input tile",NVIDIA GeForce RTX 5090
register_block2,register_blocking,2048,3,3,1,1,1,2048,2048,4,20,0.029734,0.000692,0.028832,7617.184745,0.000000,0.000000,0.000000,0.000000,55.736657,one thread computes two neighboring outputs,NVIDIA GeForce RTX 5090
cross_channel4,cross_output_channel_reuse,2048,3,3,1,1,1,2048,2048,4,20,0.069427,0.000900,0.068576,3262.300848,0.000000,0.000000,0.000000,0.000000,55.736657,one thread reuses input patch for four filters,NVIDIA GeForce RTX 5090
implicit_im2col,implicit_im2col,2048,3,3,1,1,1,2048,2048,4,20,0.119114,0.001339,0.117568,1901.482425,0.000000,0.000000,0.000000,0.000000,55.736657,GEMM-like block layout without materialized columns,NVIDIA GeForce RTX 5090
tensor_core_tf32,tensor_core_tf32_gemmex,2048,3,3,1,1,1,2048,2048,4,20,0.843867,0.003594,0.837952,268.398171,432.000000,0.534486,0.300792,0.000000,55.736638,explicit im2col plus cublasGemmEx FAST_TF32,NVIDIA GeForce RTX 5090
direct_baseline,baseline,2048,3,3,1,2,1,1024,1024,4,20,0.015499,0.000559,0.014528,3653.292036,0.000000,0.000000,0.000000,0.000000,-81.924786,one thread per output,NVIDIA GeForce RTX 5090
shared_tile,shared_memory_tiling,2048,3,3,1,2,1,1024,1024,4,20,0.024978,0.000950,0.023712,2266.955342,0.000000,0.000000,0.000000,0.000000,-81.924786,"16x16 output tile, shared input tile",NVIDIA GeForce RTX 5090
register_block2,register_blocking,2048,3,3,1,2,1,1024,1024,4,20,0.015872,0.000942,0.014048,3567.483888,0.000000,0.000000,0.000000,0.000000,-81.924786,one thread computes two neighboring outputs,NVIDIA GeForce RTX 5090
cross_channel4,cross_output_channel_reuse,2048,3,3,1,2,1,1024,1024,4,20,0.020232,0.000613,0.019488,2798.690376,0.000000,0.000000,0.000000,0.000000,-81.924786,one thread reuses input patch for four filters,NVIDIA GeForce RTX 5090
implicit_im2col,implicit_im2col,2048,3,3,1,2,1,1024,1024,4,20,0.032326,0.000709,0.031776,1751.605628,0.000000,0.000000,0.000000,0.000000,-81.924786,GEMM-like block layout without materialized columns,NVIDIA GeForce RTX 5090
tensor_core_tf32,tensor_core_tf32_gemmex,2048,3,3,1,2,1,1024,1024,4,20,0.147995,0.001284,0.144704,382.600957,108.000000,0.086474,0.052011,0.000000,-81.924801,explicit im2col plus cublasGemmEx FAST_TF32,NVIDIA GeForce RTX 5090
direct_baseline,baseline,2048,3,3,1,3,1,683,683,4,20,0.011202,0.000651,0.009504,2248.822135,0.000000,0.000000,0.000000,0.000000,-13.008955,one thread per output,NVIDIA GeForce RTX 5090
shared_tile,shared_memory_tiling,2048,3,3,1,3,1,683,683,4,20,0.026946,0.000747,0.025792,934.861573,0.000000,0.000000,0.000000,0.000000,-13.008955,"16x16 output tile, shared input tile",NVIDIA GeForce RTX 5090
register_block2,register_blocking,2048,3,3,1,3,1,683,683,4,20,0.011027,0.000521,0.010304,2284.388258,0.000000,0.000000,0.000000,0.000000,-13.008955,one thread computes two neighboring outputs,NVIDIA GeForce RTX 5090
cross_channel4,cross_output_channel_reuse,2048,3,3,1,3,1,683,683,4,20,0.012238,0.000799,0.011296,2058.308772,0.000000,0.000000,0.000000,0.000000,-13.008955,one thread reuses input patch for four filters,NVIDIA GeForce RTX 5090
implicit_im2col,implicit_im2col,2048,3,3,1,3,1,683,683,4,20,0.016376,0.000779,0.015456,1538.251462,0.000000,0.000000,0.000000,0.000000,-13.008955,GEMM-like block layout without materialized columns,NVIDIA GeForce RTX 5090
tensor_core_tf32,tensor_core_tf32_gemmex,2048,3,3,1,3,1,683,683,4,20,0.060054,0.001812,0.058656,419.459786,48.046886,0.036493,0.014862,0.000000,-13.008952,explicit im2col plus cublasGemmEx FAST_TF32,NVIDIA GeForce RTX 5090
direct_baseline,baseline,4096,3,3,1,1,1,4096,4096,3,10,0.203587,0.001580,0.201568,4450.032607,0.000000,0.000000,0.000000,0.000000,-252.790732,one thread per output,NVIDIA GeForce RTX 5090
shared_tile,shared_memory_tiling,4096,3,3,1,1,1,4096,4096,3,10,0.215155,0.000972,0.213920,4210.772758,0.000000,0.000000,0.000000,0.000000,-252.790732,"16x16 output tile, shared input tile",NVIDIA GeForce RTX 5090
register_block2,register_blocking,4096,3,3,1,1,1,4096,4096,3,10,0.163168,0.000732,0.162688,5552.373417,0.000000,0.000000,0.000000,0.000000,-252.790732,one thread computes two neighboring outputs,NVIDIA GeForce RTX 5090
cross_channel4,cross_output_channel_reuse,4096,3,3,1,1,1,4096,4096,3,10,0.300707,0.000959,0.299808,3012.796682,0.000000,0.000000,0.000000,0.000000,-252.790732,one thread reuses input patch for four filters,NVIDIA GeForce RTX 5090
implicit_im2col,implicit_im2col,4096,3,3,1,1,1,4096,4096,3,10,0.493555,0.001016,0.492224,1835.599459,0.000000,0.000000,0.000000,0.000000,-252.790732,GEMM-like block layout without materialized columns,NVIDIA GeForce RTX 5090
tensor_core_tf32,tensor_core_tf32_gemmex,4096,3,3,1,1,1,4096,4096,3,10,2.790240,0.007092,2.775232,324.692376,1728.000000,1.584307,1.196941,0.000000,-252.790724,explicit im2col plus cublasGemmEx FAST_TF32,NVIDIA GeForce RTX 5090
direct_baseline,baseline,4096,3,3,1,2,1,2048,2048,3,10,0.129958,0.000288,0.129472,1742.807030,0.000000,0.000000,0.000000,0.000000,173.817902,one thread per output,NVIDIA GeForce RTX 5090
shared_tile,shared_memory_tiling,4096,3,3,1,2,1,2048,2048,3,10,0.139373,0.001287,0.138176,1625.083376,0.000000,0.000000,0.000000,0.000000,173.817902,"16x16 output tile, shared input tile",NVIDIA GeForce RTX 5090
register_block2,register_blocking,4096,3,3,1,2,1,2048,2048,3,10,0.129914,0.000626,0.128096,1743.408052,0.000000,0.000000,0.000000,0.000000,173.817902,one thread computes two neighboring outputs,NVIDIA GeForce RTX 5090
cross_channel4,cross_output_channel_reuse,4096,3,3,1,2,1,2048,2048,3,10,0.130675,0.000695,0.130016,1733.247140,0.000000,0.000000,0.000000,0.000000,173.817902,one thread reuses input patch for four filters,NVIDIA GeForce RTX 5090
implicit_im2col,implicit_im2col,4096,3,3,1,2,1,2048,2048,3,10,0.139402,0.000971,0.138112,1624.747644,0.000000,0.000000,0.000000,0.000000,173.817902,GEMM-like block layout without materialized columns,NVIDIA GeForce RTX 5090
tensor_core_tf32,tensor_core_tf32_gemmex,4096,3,3,1,2,1,2048,2048,3,10,1.087830,0.001864,1.085376,208.205632,432.000000,0.774502,0.304480,0.000000,173.817880,explicit im2col plus cublasGemmEx FAST_TF32,NVIDIA GeForce RTX 5090
direct_baseline,baseline,4096,3,3,1,3,1,1366,1366,3,10,0.127411,0.000617,0.126016,790.838042,0.000000,0.000000,0.000000,0.000000,-184.377751,one thread per output,NVIDIA GeForce RTX 5090
shared_tile,shared_memory_tiling,4096,3,3,1,3,1,1366,1366,3,10,0.166176,0.000733,0.164864,606.354852,0.000000,0.000000,0.000000,0.000000,-184.377751,"16x16 output tile, shared input tile",NVIDIA GeForce RTX 5090
register_block2,register_blocking,4096,3,3,1,3,1,1366,1366,3,10,0.126938,0.001264,0.125760,793.788627,0.000000,0.000000,0.000000,0.000000,-184.377751,one thread computes two neighboring outputs,NVIDIA GeForce RTX 5090
cross_channel4,cross_output_channel_reuse,4096,3,3,1,3,1,1366,1366,3,10,0.127904,0.000143,0.127552,787.791025,0.000000,0.000000,0.000000,0.000000,-184.377751,one thread reuses input patch for four filters,NVIDIA GeForce RTX 5090
implicit_im2col,implicit_im2col,4096,3,3,1,3,1,1366,1366,3,10,0.126387,0.000651,0.125760,797.245482,0.000000,0.000000,0.000000,0.000000,-184.377751,GEMM-like block layout without materialized columns,NVIDIA GeForce RTX 5090
tensor_core_tf32,tensor_core_tf32_gemmex,4096,3,3,1,3,1,1366,1366,3,10,0.466285,0.001590,0.464224,216.094593,192.187546,0.328336,0.129200,0.000000,-184.377736,explicit im2col plus cublasGemmEx FAST_TF32,NVIDIA GeForce RTX 5090
direct_baseline,baseline,256,3,3,16,1,1,256,256,6,60,0.011837,0.000591,0.011200,4783.434088,0.000000,0.000000,0.000000,0.000000,-73.623829,one thread per output,NVIDIA GeForce RTX 5090
shared_tile,shared_memory_tiling,256,3,3,16,1,1,256,256,6,60,0.013905,0.000587,0.012864,4072.276494,0.000000,0.000000,0.000000,0.000000,-73.623829,"16x16 output tile, shared input tile",NVIDIA GeForce RTX 5090
register_block2,register_blocking,256,3,3,16,1,1,256,256,6,60,0.009174,0.000614,0.008320,6171.859132,0.000000,0.000000,0.000000,0.000000,-73.623829,one thread computes two neighboring outputs,NVIDIA GeForce RTX 5090
cross_channel4,cross_output_channel_reuse,256,3,3,16,1,1,256,256,6,60,0.007780,0.000687,0.007104,7277.784514,0.000000,0.000000,0.000000,0.000000,-73.623829,one thread reuses input patch for four filters,NVIDIA GeForce RTX 5090
implicit_im2col,implicit_im2col,256,3,3,16,1,1,256,256,6,60,0.013684,0.000518,0.012832,4137.986516,0.000000,0.000000,0.000000,0.000000,-73.623829,GEMM-like block layout without materialized columns,NVIDIA GeForce RTX 5090
tensor_core_tf32,tensor_core_tf32_gemmex,256,3,3,16,1,1,256,256,6,60,0.028290,0.000334,0.027744,2001.551964,6.750000,0.007779,0.012712,0.000153,-73.592699,explicit im2col plus cublasGemmEx FAST_TF32,NVIDIA GeForce RTX 5090
direct_baseline,baseline,256,3,3,16,2,1,128,128,6,60,0.006940,0.000698,0.005312,2039.815558,0.000000,0.000000,0.000000,0.000000,-5.781624,one thread per output,NVIDIA GeForce RTX 5090
shared_tile,shared_memory_tiling,256,3,3,16,2,1,128,128,6,60,0.009538,0.000472,0.008992,1484.124352,0.000000,0.000000,0.000000,0.000000,-5.781624,"16x16 output tile, shared input tile",NVIDIA GeForce RTX 5090
register_block2,register_blocking,256,3,3,16,2,1,128,128,6,60,0.005404,0.000532,0.004800,2619.370366,0.000000,0.000000,0.000000,0.000000,-5.781624,one thread computes two neighboring outputs,NVIDIA GeForce RTX 5090
cross_channel4,cross_output_channel_reuse,256,3,3,16,2,1,128,128,6,60,0.005060,0.000504,0.004160,2797.436755,0.000000,0.000000,0.000000,0.000000,-5.781624,one thread reuses input patch for four filters,NVIDIA GeForce RTX 5090
implicit_im2col,implicit_im2col,256,3,3,16,2,1,128,128,6,60,0.007001,0.000633,0.005312,2022.099646,0.000000,0.000000,0.000000,0.000000,-5.781624,GEMM-like block layout without materialized columns,NVIDIA GeForce RTX 5090
tensor_core_tf32,tensor_core_tf32_gemmex,256,3,3,16,2,1,128,128,6,60,0.018727,0.001100,0.017792,755.883129,1.687500,0.004353,0.006557,0.000155,-5.770469,explicit im2col plus cublasGemmEx FAST_TF32,NVIDIA GeForce RTX 5090
direct_baseline,baseline,256,3,3,16,3,1,86,86,6,60,0.005086,0.000446,0.004192,1256.451337,0.000000,0.000000,0.000000,0.000000,-11.726158,one thread per output,NVIDIA GeForce RTX 5090
shared_tile,shared_memory_tiling,256,3,3,16,3,1,86,86,6,60,0.013146,0.000501,0.012320,486.105160,0.000000,0.000000,0.000000,0.000000,-11.726158,"16x16 output tile, shared input tile",NVIDIA GeForce RTX 5090
register_block2,register_blocking,256,3,3,16,3,1,86,86,6,60,0.005651,0.000602,0.005056,1130.758778,0.000000,0.000000,0.000000,0.000000,-11.726158,one thread computes two neighboring outputs,NVIDIA GeForce RTX 5090
cross_channel4,cross_output_channel_reuse,256,3,3,16,3,1,86,86,6,60,0.005822,0.000589,0.005024,1097.610844,0.000000,0.000000,0.000000,0.000000,-11.726158,one thread reuses input patch for four filters,NVIDIA GeForce RTX 5090
implicit_im2col,implicit_im2col,256,3,3,16,3,1,86,86,6,60,0.004881,0.000479,0.004096,1309.169579,0.000000,0.000000,0.000000,0.000000,-11.726158,GEMM-like block layout without materialized columns,NVIDIA GeForce RTX 5090
tensor_core_tf32,tensor_core_tf32_gemmex,256,3,3,16,3,1,86,86,6,60,0.018003,0.000649,0.016736,354.955415,0.761765,0.003808,0.006371,0.000000,-11.726159,explicit im2col plus cublasGemmEx FAST_TF32,NVIDIA GeForce RTX 5090
direct_baseline,baseline,512,3,3,16,1,1,512,512,6,45,0.037941,0.000680,0.036896,5969.654788,0.000000,0.000000,0.000000,0.000000,332.276911,one thread per output,NVIDIA GeForce RTX 5090
shared_tile,shared_memory_tiling,512,3,3,16,1,1,512,512,6,45,0.044625,0.000605,0.043840,5075.452705,0.000000,0.000000,0.000000,0.000000,332.276911,"16x16 output tile, shared input tile",NVIDIA GeForce RTX 5090
register_block2,register_blocking,512,3,3,16,1,1,512,512,6,45,0.028101,0.000718,0.027168,8059.947818,0.000000,0.000000,0.000000,0.000000,332.276911,one thread computes two neighboring outputs,NVIDIA GeForce RTX 5090
cross_channel4,cross_output_channel_reuse,512,3,3,16,1,1,512,512,6,45,0.021700,0.000383,0.021024,10437.310324,0.000000,0.000000,0.000000,0.000000,332.276911,one thread reuses input patch for four filters,NVIDIA GeForce RTX 5090
implicit_im2col,implicit_im2col,512,3,3,16,1,1,512,512,6,45,0.042455,0.000730,0.041824,5334.912765,0.000000,0.000000,0.000000,0.000000,332.276911,GEMM-like block layout without materialized columns,NVIDIA GeForce RTX 5090
tensor_core_tf32,tensor_core_tf32_gemmex,512,3,3,16,1,1,512,512,6,45,0.073847,0.001084,0.072864,3067.030294,27.000000,0.020183,0.045707,0.000147,332.274404,explicit im2col plus cublasGemmEx FAST_TF32,NVIDIA GeForce RTX 5090
direct_baseline,baseline,512,3,3,16,2,1,256,256,6,45,0.014602,0.000860,0.013408,3877.775395,0.000000,0.000000,0.000000,0.000000,-19.746752,one thread per output,NVIDIA GeForce RTX 5090
shared_tile,shared_memory_tiling,512,3,3,16,2,1,256,256,6,45,0.024341,0.000847,0.023616,2326.212107,0.000000,0.000000,0.000000,0.000000,-19.746752,"16x16 output tile, shared input tile",NVIDIA GeForce RTX 5090
register_block2,register_blocking,512,3,3,16,2,1,256,256,6,45,0.013160,0.000457,0.011936,4302.725604,0.000000,0.000000,0.000000,0.000000,-19.746752,one thread computes two neighboring outputs,NVIDIA GeForce RTX 5090
cross_channel4,cross_output_channel_reuse,512,3,3,16,2,1,256,256,6,45,0.009284,0.000271,0.008160,6099.290712,0.000000,0.000000,0.000000,0.000000,-19.746752,one thread reuses input patch for four filters,NVIDIA GeForce RTX 5090
implicit_im2col,implicit_im2col,512,3,3,16,2,1,256,256,6,45,0.013524,0.000466,0.013056,4186.888219,0.000000,0.000000,0.000000,0.000000,-19.746752,GEMM-like block layout without materialized columns,NVIDIA GeForce RTX 5090
tensor_core_tf32,tensor_core_tf32_gemmex,512,3,3,16,2,1,256,256,6,45,0.028540,0.001180,0.027072,1983.960151,6.750000,0.007875,0.012943,0.000151,-19.737936,explicit im2col plus cublasGemmEx FAST_TF32,NVIDIA GeForce RTX 5090
direct_baseline,baseline,512,3,3,16,3,1,171,171,6,45,0.011156,0.000642,0.009408,2264.649080,0.000000,0.000000,0.000000,0.000000,181.570515,one thread per output,NVIDIA GeForce RTX 5090
shared_tile,shared_memory_tiling,512,3,3,16,3,1,171,171,6,45,0.028075,0.000543,0.027584,899.871210,0.000000,0.000000,0.000000,0.000000,181.570515,"16x16 output tile, shared input tile",NVIDIA GeForce RTX 5090
register_block2,register_blocking,512,3,3,16,3,1,171,171,6,45,0.011181,0.000389,0.010304,2259.607880,0.000000,0.000000,0.000000,0.000000,181.570515,one thread computes two neighboring outputs,NVIDIA GeForce RTX 5090
cross_channel4,cross_output_channel_reuse,512,3,3,16,3,1,171,171,6,45,0.007127,0.000402,0.006144,3544.982532,0.000000,0.000000,0.000000,0.000000,181.570515,one thread reuses input patch for four filters,NVIDIA GeForce RTX 5090
implicit_im2col,implicit_im2col,512,3,3,16,3,1,171,171,6,45,0.009225,0.000505,0.007360,2738.807814,0.000000,0.000000,0.000000,0.000000,181.570515,GEMM-like block layout without materialized columns,NVIDIA GeForce RTX 5090
tensor_core_tf32,tensor_core_tf32_gemmex,512,3,3,16,3,1,171,171,6,45,0.022206,0.000476,0.020832,1137.727450,3.011730,0.005746,0.008640,0.000138,181.580484,explicit im2col plus cublasGemmEx FAST_TF32,NVIDIA GeForce RTX 5090
direct_baseline,baseline,1024,3,3,16,1,1,1024,1024,6,30,0.150116,0.001025,0.148544,6035.119826,0.000000,0.000000,0.000000,0.000000,287.138129,one thread per output,NVIDIA GeForce RTX 5090
shared_tile,shared_memory_tiling,1024,3,3,16,1,1,1024,1024,6,30,0.175230,0.000286,0.174592,5170.178338,0.000000,0.000000,0.000000,0.000000,287.138129,"16x16 output tile, shared input tile",NVIDIA GeForce RTX 5090
register_block2,register_blocking,1024,3,3,16,1,1,1024,1024,6,30,0.113739,0.000230,0.113472,7965.362002,0.000000,0.000000,0.000000,0.000000,287.138129,one thread computes two neighboring outputs,NVIDIA GeForce RTX 5090
cross_channel4,cross_output_channel_reuse,1024,3,3,16,1,1,1024,1024,6,30,0.077300,0.000743,0.076576,11720.136371,0.000000,0.000000,0.000000,0.000000,287.138129,one thread reuses input patch for four filters,NVIDIA GeForce RTX 5090
implicit_im2col,implicit_im2col,1024,3,3,16,1,1,1024,1024,6,30,0.162931,0.000177,0.162656,5560.443036,0.000000,0.000000,0.000000,0.000000,287.138129,GEMM-like block layout without materialized columns,NVIDIA GeForce RTX 5090
tensor_core_tf32,tensor_core_tf32_gemmex,1024,3,3,16,1,1,1024,1024,6,30,0.252139,0.001290,0.250112,3593.140513,108.000000,0.077142,0.166325,0.000159,287.009192,explicit im2col plus cublasGemmEx FAST_TF32,NVIDIA GeForce RTX 5090
direct_baseline,baseline,1024,3,3,16,2,1,512,512,6,30,0.047567,0.000969,0.046112,4761.551818,0.000000,0.000000,0.000000,0.000000,-324.529471,one thread per output,NVIDIA GeForce RTX 5090
shared_tile,shared_memory_tiling,1024,3,3,16,2,1,512,512,6,30,0.087043,0.000442,0.086176,2602.069014,0.000000,0.000000,0.000000,0.000000,-324.529471,"16x16 output tile, shared input tile",NVIDIA GeForce RTX 5090
register_block2,register_blocking,1024,3,3,16,2,1,512,512,6,30,0.046208,0.000550,0.044192,4901.584481,0.000000,0.000000,0.000000,0.000000,-324.529471,one thread computes two neighboring outputs,NVIDIA GeForce RTX 5090
cross_channel4,cross_output_channel_reuse,1024,3,3,16,2,1,512,512,6,30,0.021520,0.000429,0.020416,10524.740514,0.000000,0.000000,0.000000,0.000000,-324.529471,one thread reuses input patch for four filters,NVIDIA GeForce RTX 5090
implicit_im2col,implicit_im2col,1024,3,3,16,2,1,512,512,6,30,0.042425,0.000594,0.041824,5338.713190,0.000000,0.000000,0.000000,0.000000,-324.529471,GEMM-like block layout without materialized columns,NVIDIA GeForce RTX 5090
tensor_core_tf32,tensor_core_tf32_gemmex,1024,3,3,16,2,1,512,512,6,30,0.073612,0.000966,0.072800,3076.852149,27.000000,0.020084,0.045612,0.000171,-324.557730,explicit im2col plus cublasGemmEx FAST_TF32,NVIDIA GeForce RTX 5090
direct_baseline,baseline,1024,3,3,16,3,1,342,342,6,30,0.031750,0.000503,0.030720,3182.854227,0.000000,0.000000,0.000000,0.000000,93.571904,one thread per output,NVIDIA GeForce RTX 5090
shared_tile,shared_memory_tiling,1024,3,3,16,3,1,342,342,6,30,0.098394,0.000928,0.097216,1027.067793,0.000000,0.000000,0.000000,0.000000,93.571904,"16x16 output tile, shared input tile",NVIDIA GeForce RTX 5090
register_block2,register_blocking,1024,3,3,16,3,1,342,342,6,30,0.033847,0.000905,0.031872,2985.656103,0.000000,0.000000,0.000000,0.000000,93.571904,one thread computes two neighboring outputs,NVIDIA GeForce RTX 5090
cross_channel4,cross_output_channel_reuse,1024,3,3,16,3,1,342,342,6,30,0.013344,0.000672,0.011616,7573.208650,0.000000,0.000000,0.000000,0.000000,93.571904,one thread reuses input patch for four filters,NVIDIA GeForce RTX 5090
implicit_im2col,implicit_im2col,1024,3,3,16,3,1,342,342,6,30,0.021494,0.000516,0.020608,4701.545359,0.000000,0.000000,0.000000,0.000000,93.571904,GEMM-like block layout without materialized columns,NVIDIA GeForce RTX 5090
tensor_core_tf32,tensor_core_tf32_gemmex,1024,3,3,16,3,1,342,342,6,30,0.036709,0.001135,0.034592,2752.893796,12.046921,0.011617,0.017024,0.000150,93.576506,explicit im2col plus cublasGemmEx FAST_TF32,NVIDIA GeForce RTX 5090
direct_baseline,baseline,2048,3,3,16,1,1,2048,2048,4,20,0.523224,0.000538,0.522112,6926.055959,0.000000,0.000000,0.000000,0.000000,2.135212,one thread per output,NVIDIA GeForce RTX 5090
shared_tile,shared_memory_tiling,2048,3,3,16,1,1,2048,2048,4,20,0.697902,0.001313,0.695232,5192.529321,0.000000,0.000000,0.000000,0.000000,2.135212,"16x16 output tile, shared input tile",NVIDIA GeForce RTX 5090
register_block2,register_blocking,2048,3,3,16,1,1,2048,2048,4,20,0.455883,0.006663,0.451456,7949.138429,0.000000,0.000000,0.000000,0.000000,2.135212,one thread computes two neighboring outputs,NVIDIA GeForce RTX 5090
cross_channel4,cross_output_channel_reuse,2048,3,3,16,1,1,2048,2048,4,20,0.347706,0.000931,0.346912,10422.261462,0.000000,0.000000,0.000000,0.000000,2.135212,one thread reuses input patch for four filters,NVIDIA GeForce RTX 5090
implicit_im2col,implicit_im2col,2048,3,3,16,1,1,2048,2048,4,20,0.680970,0.000836,0.679872,5321.645286,0.000000,0.000000,0.000000,0.000000,2.135212,GEMM-like block layout without materialized columns,NVIDIA GeForce RTX 5090
tensor_core_tf32,tensor_core_tf32_gemmex,2048,3,3,16,1,1,2048,2048,4,20,1.209517,0.003660,1.200416,2996.137499,432.000000,0.549691,0.650989,0.000167,2.118989,explicit im2col plus cublasGemmEx FAST_TF32,NVIDIA GeForce RTX 5090
direct_baseline,baseline,2048,3,3,16,2,1,1024,1024,4,20,0.186195,0.001333,0.185184,4865.698299,0.000000,0.000000,0.000000,0.000000,-234.600485,one thread per output,NVIDIA GeForce RTX 5090
shared_tile,shared_memory_tiling,2048,3,3,16,2,1,1024,1024,4,20,0.345651,0.000872,0.344864,2621.051670,0.000000,0.000000,0.000000,0.000000,-234.600485,"16x16 output tile, shared input tile",NVIDIA GeForce RTX 5090
register_block2,register_blocking,2048,3,3,16,2,1,1024,1024,4,20,0.188526,0.002602,0.183072,4805.532118,0.000000,0.000000,0.000000,0.000000,-234.600485,one thread computes two neighboring outputs,NVIDIA GeForce RTX 5090
cross_channel4,cross_output_channel_reuse,2048,3,3,16,2,1,1024,1024,4,20,0.078957,0.000772,0.077952,11474.244798,0.000000,0.000000,0.000000,0.000000,-234.600485,one thread reuses input patch for four filters,NVIDIA GeForce RTX 5090
implicit_im2col,implicit_im2col,2048,3,3,16,2,1,1024,1024,4,20,0.163059,0.000661,0.162336,5556.078224,0.000000,0.000000,0.000000,0.000000,-234.600485,GEMM-like block layout without materialized columns,NVIDIA GeForce RTX 5090
tensor_core_tf32,tensor_core_tf32_gemmex,2048,3,3,16,2,1,1024,1024,4,20,0.263974,0.000732,0.262720,3432.036078,108.000000,0.087891,0.166469,0.000181,-234.514397,explicit im2col plus cublasGemmEx FAST_TF32,NVIDIA GeForce RTX 5090
direct_baseline,baseline,2048,3,3,16,3,1,683,683,4,20,0.114662,0.002121,0.112800,3515.071135,0.000000,0.000000,0.000000,0.000000,506.671672,one thread per output,NVIDIA GeForce RTX 5090
shared_tile,shared_memory_tiling,2048,3,3,16,3,1,683,683,4,20,0.367786,0.000612,0.367008,1095.873496,0.000000,0.000000,0.000000,0.000000,506.671672,"16x16 output tile, shared input tile",NVIDIA GeForce RTX 5090
register_block2,register_blocking,2048,3,3,16,3,1,683,683,4,20,0.136443,0.001621,0.132480,2953.950789,0.000000,0.000000,0.000000,0.000000,506.671672,one thread computes two neighboring outputs,NVIDIA GeForce RTX 5090
cross_channel4,cross_output_channel_reuse,2048,3,3,16,3,1,683,683,4,20,0.038110,0.000446,0.037760,10575.761318,0.000000,0.000000,0.000000,0.000000,506.671672,one thread reuses input patch for four filters,NVIDIA GeForce RTX 5090
implicit_im2col,implicit_im2col,2048,3,3,16,3,1,683,683,4,20,0.073682,0.001032,0.072672,5470.110390,0.000000,0.000000,0.000000,0.000000,506.671672,GEMM-like block layout without materialized columns,NVIDIA GeForce RTX 5090
tensor_core_tf32,tensor_core_tf32_gemmex,2048,3,3,16,3,1,683,683,4,20,0.139686,0.001149,0.138400,2885.366755,48.046886,0.057243,0.073149,0.000157,506.902326,explicit im2col plus cublasGemmEx FAST_TF32,NVIDIA GeForce RTX 5090
direct_baseline,baseline,4096,3,3,16,1,1,4096,4096,3,10,1.958448,0.001663,1.956192,7401.531513,0.000000,0.000000,0.000000,0.000000,-348.465849,one thread per output,NVIDIA GeForce RTX 5090
shared_tile,shared_memory_tiling,4096,3,3,16,1,1,4096,4096,3,10,3.409232,0.007480,3.394560,4251.841658,0.000000,0.000000,0.000000,0.000000,-348.465849,"16x16 output tile, shared input tile",NVIDIA GeForce RTX 5090
register_block2,register_blocking,4096,3,3,16,1,1,4096,4096,3,10,1.659718,0.016427,1.647552,8733.719331,0.000000,0.000000,0.000000,0.000000,-348.465849,one thread computes two neighboring outputs,NVIDIA GeForce RTX 5090
cross_channel4,cross_output_channel_reuse,4096,3,3,16,1,1,4096,4096,3,10,1.246131,0.011344,1.235776,11632.414435,0.000000,0.000000,0.000000,0.000000,-348.465849,one thread reuses input patch for four filters,NVIDIA GeForce RTX 5090
implicit_im2col,implicit_im2col,4096,3,3,16,1,1,4096,4096,3,10,2.708701,0.003360,2.704352,5351.464023,0.000000,0.000000,0.000000,0.000000,-348.465849,GEMM-like block layout without materialized columns,NVIDIA GeForce RTX 5090
tensor_core_tf32,tensor_core_tf32_gemmex,4096,3,3,16,1,1,4096,4096,3,10,4.202214,0.006351,4.192032,3449.494236,1728.000000,1.609590,2.583523,0.000187,-348.548466,explicit im2col plus cublasGemmEx FAST_TF32,NVIDIA GeForce RTX 5090
direct_baseline,baseline,4096,3,3,16,2,1,2048,2048,3,10,1.156627,0.002247,1.151712,3133.143203,0.000000,0.000000,0.000000,0.000000,628.934356,one thread per output,NVIDIA GeForce RTX 5090
shared_tile,shared_memory_tiling,4096,3,3,16,2,1,2048,2048,3,10,2.136730,0.001628,2.133888,1695.993101,0.000000,0.000000,0.000000,0.000000,628.934356,"16x16 output tile, shared input tile",NVIDIA GeForce RTX 5090
register_block2,register_blocking,4096,3,3,16,2,1,2048,2048,3,10,2.143187,0.006378,2.129344,1690.882922,0.000000,0.000000,0.000000,0.000000,628.934356,one thread computes two neighboring outputs,NVIDIA GeForce RTX 5090
cross_channel4,cross_output_channel_reuse,4096,3,3,16,2,1,2048,2048,3,10,0.670797,0.002632,0.668032,5402.349352,0.000000,0.000000,0.000000,0.000000,628.934356,one thread reuses input patch for four filters,NVIDIA GeForce RTX 5090
implicit_im2col,implicit_im2col,4096,3,3,16,2,1,2048,2048,3,10,0.678138,0.000897,0.676640,5343.869229,0.000000,0.000000,0.000000,0.000000,628.934356,GEMM-like block layout without materialized columns,NVIDIA GeForce RTX 5090
tensor_core_tf32,tensor_core_tf32_gemmex,4096,3,3,16,2,1,2048,2048,3,10,1.457014,0.003000,1.453600,2487.194781,432.000000,0.795178,0.652650,0.000199,628.895439,explicit im2col plus cublasGemmEx FAST_TF32,NVIDIA GeForce RTX 5090
direct_baseline,baseline,4096,3,3,16,3,1,1366,1366,3,10,1.988938,0.005790,1.977216,810.576451,0.000000,0.000000,0.000000,0.000000,-207.693607,one thread per output,NVIDIA GeForce RTX 5090
shared_tile,shared_memory_tiling,4096,3,3,16,3,1,1366,1366,3,10,2.556237,0.001337,2.554752,630.687256,0.000000,0.000000,0.000000,0.000000,-207.693607,"16x16 output tile, shared input tile",NVIDIA GeForce RTX 5090
register_block2,register_blocking,4096,3,3,16,3,1,1366,1366,3,10,1.997456,0.004385,1.991648,807.119642,0.000000,0.000000,0.000000,0.000000,-207.693607,one thread computes two neighboring outputs,NVIDIA GeForce RTX 5090
cross_channel4,cross_output_channel_reuse,4096,3,3,16,3,1,1366,1366,3,10,0.574499,0.001122,0.572352,2806.245821,0.000000,0.000000,0.000000,0.000000,-207.693607,one thread reuses input patch for four filters,NVIDIA GeForce RTX 5090
implicit_im2col,implicit_im2col,4096,3,3,16,3,1,1366,1366,3,10,0.330624,0.000096,0.330400,4876.191649,0.000000,0.000000,0.000000,0.000000,-207.693607,GEMM-like block layout without materialized columns,NVIDIA GeForce RTX 5090
tensor_core_tf32,tensor_core_tf32_gemmex,4096,3,3,16,3,1,1366,1366,3,10,0.661763,0.001321,0.659072,2436.197664,192.187546,0.359402,0.293648,0.000171,-207.733963,explicit im2col plus cublasGemmEx FAST_TF32,NVIDIA GeForce RTX 5090
direct_baseline,baseline,256,3,3,64,1,1,256,256,6,60,0.037110,0.000993,0.035808,6103.206040,0.000000,0.000000,0.000000,0.000000,232.850327,one thread per output,NVIDIA GeForce RTX 5090
shared_tile,shared_memory_tiling,256,3,3,64,1,1,256,256,6,60,0.044459,0.000667,0.043904,5094.449133,0.000000,0.000000,0.000000,0.000000,232.850327,"16x16 output tile, shared input tile",NVIDIA GeForce RTX 5090
register_block2,register_blocking,256,3,3,64,1,1,256,256,6,60,0.026394,0.000994,0.025504,8581.165118,0.000000,0.000000,0.000000,0.000000,232.850327,one thread computes two neighboring outputs,NVIDIA GeForce RTX 5090
cross_channel4,cross_output_channel_reuse,256,3,3,64,1,1,256,256,6,60,0.021616,0.000183,0.021024,10477.998475,0.000000,0.000000,0.000000,0.000000,232.850327,one thread reuses input patch for four filters,NVIDIA GeForce RTX 5090
implicit_im2col,implicit_im2col,256,3,3,64,1,1,256,256,6,60,0.042661,0.000873,0.041952,5309.146047,0.000000,0.000000,0.000000,0.000000,232.850327,GEMM-like block layout without materialized columns,NVIDIA GeForce RTX 5090
tensor_core_tf32,tensor_core_tf32_gemmex,256,3,3,64,1,1,256,256,6,60,0.030475,0.001006,0.030016,7432.023926,6.750000,0.007769,0.014880,0.000182,232.806030,explicit im2col plus cublasGemmEx FAST_TF32,NVIDIA GeForce RTX 5090
direct_baseline,baseline,256,3,3,64,2,1,128,128,6,60,0.013422,0.000308,0.012416,4218.720490,0.000000,0.000000,0.000000,0.000000,-179.329483,one thread per output,NVIDIA GeForce RTX 5090
shared_tile,shared_memory_tiling,256,3,3,64,2,1,128,128,6,60,0.025040,0.001002,0.023552,2261.306074,0.000000,0.000000,0.000000,0.000000,-179.329483,"16x16 output tile, shared input tile",NVIDIA GeForce RTX 5090
register_block2,register_blocking,256,3,3,64,2,1,128,128,6,60,0.012357,0.000974,0.011168,4582.343627,0.000000,0.000000,0.000000,0.000000,-179.329483,one thread computes two neighboring outputs,NVIDIA GeForce RTX 5090
cross_channel4,cross_output_channel_reuse,256,3,3,64,2,1,128,128,6,60,0.009318,0.000208,0.008416,6076.483514,0.000000,0.000000,0.000000,0.000000,-179.329483,one thread reuses input patch for four filters,NVIDIA GeForce RTX 5090
implicit_im2col,implicit_im2col,256,3,3,64,2,1,128,128,6,60,0.013511,0.000379,0.013152,4190.909881,0.000000,0.000000,0.000000,0.000000,-179.329483,GEMM-like block layout without materialized columns,NVIDIA GeForce RTX 5090
tensor_core_tf32,tensor_core_tf32_gemmex,256,3,3,64,2,1,128,128,6,60,0.019002,0.001201,0.017856,2979.912449,1.687500,0.004517,0.006610,0.000156,-179.309084,explicit im2col plus cublasGemmEx FAST_TF32,NVIDIA GeForce RTX 5090
direct_baseline,baseline,256,3,3,64,3,1,86,86,6,60,0.010909,0.000704,0.009472,2343.115285,0.000000,0.000000,0.000000,0.000000,111.550727,one thread per output,NVIDIA GeForce RTX 5090
shared_tile,shared_memory_tiling,256,3,3,64,3,1,86,86,6,60,0.032472,0.000838,0.031616,787.157426,0.000000,0.000000,0.000000,0.000000,111.550727,"16x16 output tile, shared input tile",NVIDIA GeForce RTX 5090
register_block2,register_blocking,256,3,3,64,3,1,86,86,6,60,0.011185,0.000398,0.010208,2285.241274,0.000000,0.000000,0.000000,0.000000,111.550727,one thread computes two neighboring outputs,NVIDIA GeForce RTX 5090
cross_channel4,cross_output_channel_reuse,256,3,3,64,3,1,86,86,6,60,0.007180,0.000319,0.006176,3560.101021,0.000000,0.000000,0.000000,0.000000,111.550727,one thread reuses input patch for four filters,NVIDIA GeForce RTX 5090
implicit_im2col,implicit_im2col,256,3,3,64,3,1,86,86,6,60,0.009268,0.000305,0.008320,2757.859350,0.000000,0.000000,0.000000,0.000000,111.550727,GEMM-like block layout without materialized columns,NVIDIA GeForce RTX 5090
tensor_core_tf32,tensor_core_tf32_gemmex,256,3,3,64,3,1,86,86,6,60,0.018213,0.001220,0.015968,1403.440220,0.761765,0.003818,0.006477,0.000137,111.556228,explicit im2col plus cublasGemmEx FAST_TF32,NVIDIA GeForce RTX 5090
direct_baseline,baseline,512,3,3,64,1,1,512,512,6,45,0.148757,0.000580,0.148128,6090.281200,0.000000,0.000000,0.000000,0.000000,-681.070851,one thread per output,NVIDIA GeForce RTX 5090
shared_tile,shared_memory_tiling,512,3,3,64,1,1,512,512,6,45,0.175180,0.000390,0.174592,5171.647465,0.000000,0.000000,0.000000,0.000000,-681.070851,"16x16 output tile, shared input tile",NVIDIA GeForce RTX 5090
register_block2,register_blocking,512,3,3,64,1,1,512,512,6,45,0.109608,0.000324,0.108960,8265.556653,0.000000,0.000000,0.000000,0.000000,-681.070851,one thread computes two neighboring outputs,NVIDIA GeForce RTX 5090
cross_channel4,cross_output_channel_reuse,512,3,3,64,1,1,512,512,6,45,0.077190,0.000716,0.075904,11736.817868,0.000000,0.000000,0.000000,0.000000,-681.070851,one thread reuses input patch for four filters,NVIDIA GeForce RTX 5090
implicit_im2col,implicit_im2col,512,3,3,64,1,1,512,512,6,45,0.163100,0.001040,0.162688,5554.673195,0.000000,0.000000,0.000000,0.000000,-681.070851,GEMM-like block layout without materialized columns,NVIDIA GeForce RTX 5090
tensor_core_tf32,tensor_core_tf32_gemmex,512,3,3,64,1,1,512,512,6,45,0.085483,0.001101,0.082496,10598.284933,27.000000,0.021679,0.055915,0.000175,-681.020864,explicit im2col plus cublasGemmEx FAST_TF32,NVIDIA GeForce RTX 5090
direct_baseline,baseline,512,3,3,64,2,1,256,256,6,45,0.046655,0.000864,0.045280,4854.666527,0.000000,0.000000,0.000000,0.000000,-115.006707,one thread per output,NVIDIA GeForce RTX 5090
shared_tile,shared_memory_tiling,512,3,3,64,2,1,256,256,6,45,0.087065,0.000373,0.086048,2601.420815,0.000000,0.000000,0.000000,0.000000,-115.006707,"16x16 output tile, shared input tile",NVIDIA GeForce RTX 5090
register_block2,register_blocking,512,3,3,64,2,1,256,256,6,45,0.040021,0.000548,0.038528,5659.392703,0.000000,0.000000,0.000000,0.000000,-115.006707,one thread computes two neighboring outputs,NVIDIA GeForce RTX 5090
cross_channel4,cross_output_channel_reuse,512,3,3,64,2,1,256,256,6,45,0.021525,0.000535,0.020512,10522.480533,0.000000,0.000000,0.000000,0.000000,-115.006707,one thread reuses input patch for four filters,NVIDIA GeForce RTX 5090
implicit_im2col,implicit_im2col,512,3,3,64,2,1,256,256,6,45,0.042473,0.000644,0.041856,5332.590423,0.000000,0.000000,0.000000,0.000000,-115.006707,GEMM-like block layout without materialized columns,NVIDIA GeForce RTX 5090
tensor_core_tf32,tensor_core_tf32_gemmex,512,3,3,64,2,1,256,256,6,45,0.030553,0.000770,0.029568,7413.126038,6.750000,0.007775,0.014828,0.000171,-114.950611,explicit im2col plus cublasGemmEx FAST_TF32,NVIDIA GeForce RTX 5090
direct_baseline,baseline,512,3,3,64,3,1,171,171,6,45,0.030785,0.001046,0.029664,3282.621730,0.000000,0.000000,0.000000,0.000000,328.433415,one thread per output,NVIDIA GeForce RTX 5090
shared_tile,shared_memory_tiling,512,3,3,64,3,1,171,171,6,45,0.099383,0.000309,0.098176,1016.845394,0.000000,0.000000,0.000000,0.000000,328.433415,"16x16 output tile, shared input tile",NVIDIA GeForce RTX 5090
register_block2,register_blocking,512,3,3,64,3,1,171,171,6,45,0.032732,0.001002,0.031616,3087.428798,0.000000,0.000000,0.000000,0.000000,328.433415,one thread computes two neighboring outputs,NVIDIA GeForce RTX 5090
cross_channel4,cross_output_channel_reuse,512,3,3,64,3,1,171,171,6,45,0.013360,0.000196,0.012544,7563.937649,0.000000,0.000000,0.000000,0.000000,328.433415,one thread reuses input patch for four filters,NVIDIA GeForce RTX 5090
implicit_im2col,implicit_im2col,512,3,3,64,3,1,171,171,6,45,0.021604,0.000344,0.020544,4677.635984,0.000000,0.000000,0.000000,0.000000,328.433415,GEMM-like block layout without materialized columns,NVIDIA GeForce RTX 5090
tensor_core_tf32,tensor_core_tf32_gemmex,512,3,3,64,3,1,171,171,6,45,0.022591,0.001482,0.021056,4473.268273,3.011730,0.005811,0.008824,0.000154,328.476679,explicit im2col plus cublasGemmEx FAST_TF32,NVIDIA GeForce RTX 5090
direct_baseline,baseline,1024,3,3,64,1,1,1024,1024,6,30,0.524386,0.001071,0.522688,6910.706487,0.000000,0.000000,0.000000,0.000000,1700.164684,one thread per output,NVIDIA GeForce RTX 5090
shared_tile,shared_memory_tiling,1024,3,3,64,1,1,1024,1024,6,30,0.704956,0.001607,0.703200,5140.576220,0.000000,0.000000,0.000000,0.000000,1700.164684,"16x16 output tile, shared input tile",NVIDIA GeForce RTX 5090
register_block2,register_blocking,1024,3,3,64,1,1,1024,1024,6,30,0.447169,0.001183,0.445152,8104.045972,0.000000,0.000000,0.000000,0.000000,1700.164684,one thread computes two neighboring outputs,NVIDIA GeForce RTX 5090
cross_channel4,cross_output_channel_reuse,1024,3,3,64,1,1,1024,1024,6,30,0.310156,0.000329,0.309728,11684.061362,0.000000,0.000000,0.000000,0.000000,1700.164684,one thread reuses input patch for four filters,NVIDIA GeForce RTX 5090
implicit_im2col,implicit_im2col,1024,3,3,64,1,1,1024,1024,6,30,0.691046,0.007762,0.658240,5244.045337,0.000000,0.000000,0.000000,0.000000,1700.164684,GEMM-like block layout without materialized columns,NVIDIA GeForce RTX 5090
tensor_core_tf32,tensor_core_tf32_gemmex,1024,3,3,64,1,1,1024,1024,6,30,0.346186,0.001553,0.343264,10468.022494,108.000000,0.077465,0.260409,0.000176,1700.037384,explicit im2col plus cublasGemmEx FAST_TF32,NVIDIA GeForce RTX 5090
direct_baseline,baseline,1024,3,3,64,2,1,512,512,6,30,0.184819,0.000914,0.183200,4901.923952,0.000000,0.000000,0.000000,0.000000,-326.046208,one thread per output,NVIDIA GeForce RTX 5090
shared_tile,shared_memory_tiling,1024,3,3,64,2,1,512,512,6,30,0.345690,0.000936,0.344576,2620.760523,0.000000,0.000000,0.000000,0.000000,-326.046208,"16x16 output tile, shared input tile",NVIDIA GeForce RTX 5090
register_block2,register_blocking,1024,3,3,64,2,1,512,512,6,30,0.190445,0.002311,0.185952,4757.124716,0.000000,0.000000,0.000000,0.000000,-326.046208,one thread computes two neighboring outputs,NVIDIA GeForce RTX 5090
cross_channel4,cross_output_channel_reuse,1024,3,3,64,2,1,512,512,6,30,0.078836,0.000790,0.076928,11491.788186,0.000000,0.000000,0.000000,0.000000,-326.046208,one thread reuses input patch for four filters,NVIDIA GeForce RTX 5090
implicit_im2col,implicit_im2col,1024,3,3,64,2,1,512,512,6,30,0.162956,0.000462,0.162464,5559.605970,0.000000,0.000000,0.000000,0.000000,-326.046208,GEMM-like block layout without materialized columns,NVIDIA GeForce RTX 5090
tensor_core_tf32,tensor_core_tf32_gemmex,1024,3,3,64,2,1,512,512,6,30,0.088962,0.000986,0.087552,10183.767137,27.000000,0.024878,0.055386,0.000175,-325.986193,explicit im2col plus cublasGemmEx FAST_TF32,NVIDIA GeForce RTX 5090
direct_baseline,baseline,1024,3,3,64,3,1,342,342,6,30,0.113690,0.000919,0.111712,3555.536981,0.000000,0.000000,0.000000,0.000000,-234.947038,one thread per output,NVIDIA GeForce RTX 5090
shared_tile,shared_memory_tiling,1024,3,3,64,3,1,342,342,6,30,0.380201,0.000519,0.378944,1063.195729,0.000000,0.000000,0.000000,0.000000,-234.947038,"16x16 output tile, shared input tile",NVIDIA GeForce RTX 5090
register_block2,register_blocking,1024,3,3,64,3,1,342,342,6,30,0.132318,0.001928,0.125952,3054.973588,0.000000,0.000000,0.000000,0.000000,-234.947038,one thread computes two neighboring outputs,NVIDIA GeForce RTX 5090
cross_channel4,cross_output_channel_reuse,1024,3,3,64,3,1,342,342,6,30,0.038124,0.000542,0.037376,10603.043116,0.000000,0.000000,0.000000,0.000000,-234.947038,one thread reuses input patch for four filters,NVIDIA GeForce RTX 5090
implicit_im2col,implicit_im2col,1024,3,3,64,3,1,342,342,6,30,0.074135,0.001491,0.072608,5452.553253,0.000000,0.000000,0.000000,0.000000,-234.947038,GEMM-like block layout without materialized columns,NVIDIA GeForce RTX 5090
tensor_core_tf32,tensor_core_tf32_gemmex,1024,3,3,64,3,1,342,342,6,30,0.038379,0.000859,0.037056,10532.611438,12.046921,0.011836,0.018991,0.000179,-234.815371,explicit im2col plus cublasGemmEx FAST_TF32,NVIDIA GeForce RTX 5090
direct_baseline,baseline,2048,3,3,64,1,1,2048,2048,4,14,1.958917,0.001446,1.956384,7399.761126,0.000000,0.000000,0.000000,0.000000,326.180445,one thread per output,NVIDIA GeForce RTX 5090
shared_tile,shared_memory_tiling,2048,3,3,64,1,1,2048,2048,4,14,2.817605,0.001741,2.814944,5144.623437,0.000000,0.000000,0.000000,0.000000,326.180445,"16x16 output tile, shared input tile",NVIDIA GeForce RTX 5090
register_block2,register_blocking,2048,3,3,64,1,1,2048,2048,4,14,1.718421,0.038302,1.698624,8435.370655,0.000000,0.000000,0.000000,0.000000,326.180445,one thread computes two neighboring outputs,NVIDIA GeForce RTX 5090
cross_channel4,cross_output_channel_reuse,2048,3,3,64,1,1,2048,2048,4,14,1.276997,0.006071,1.262304,11351.255648,0.000000,0.000000,0.000000,0.000000,326.180445,one thread reuses input patch for four filters,NVIDIA GeForce RTX 5090
implicit_im2col,implicit_im2col,2048,3,3,64,1,1,2048,2048,4,14,2.707824,0.015008,2.692032,5353.196728,0.000000,0.000000,0.000000,0.000000,326.180445,GEMM-like block layout without materialized columns,NVIDIA GeForce RTX 5090
tensor_core_tf32,tensor_core_tf32_gemmex,2048,3,3,64,1,1,2048,2048,4,14,1.655646,0.007741,1.639744,8755.203198,432.000000,0.549054,1.097867,0.000185,325.889883,explicit im2col plus cublasGemmEx FAST_TF32,NVIDIA GeForce RTX 5090
direct_baseline,baseline,2048,3,3,64,2,1,1024,1024,4,14,0.598256,0.001265,0.596352,6057.404612,0.000000,0.000000,0.000000,0.000000,-791.071890,one thread per output,NVIDIA GeForce RTX 5090
shared_tile,shared_memory_tiling,2048,3,3,64,2,1,1024,1024,4,14,1.380558,0.001227,1.378976,2624.938178,0.000000,0.000000,0.000000,0.000000,-791.071890,"16x16 output tile, shared input tile",NVIDIA GeForce RTX 5090
register_block2,register_blocking,2048,3,3,64,2,1,1024,1024,4,14,0.782251,0.001808,0.779136,4632.626461,0.000000,0.000000,0.000000,0.000000,-791.071890,one thread computes two neighboring outputs,NVIDIA GeForce RTX 5090
cross_channel4,cross_output_channel_reuse,2048,3,3,64,2,1,1024,1024,4,14,0.308087,0.000125,0.307840,11762.522634,0.000000,0.000000,0.000000,0.000000,-791.071890,one thread reuses input patch for four filters,NVIDIA GeForce RTX 5090
implicit_im2col,implicit_im2col,2048,3,3,64,2,1,1024,1024,4,14,0.646071,0.001581,0.643840,5609.103986,0.000000,0.000000,0.000000,0.000000,-791.071890,GEMM-like block layout without materialized columns,NVIDIA GeForce RTX 5090
tensor_core_tf32,tensor_core_tf32_gemmex,2048,3,3,64,2,1,1024,1024,4,14,0.375774,0.001601,0.373216,9643.778982,108.000000,0.097689,0.269694,0.000202,-790.764344,explicit im2col plus cublasGemmEx FAST_TF32,NVIDIA GeForce RTX 5090
direct_baseline,baseline,2048,3,3,64,3,1,683,683,4,14,0.456715,0.001150,0.454464,3529.957368,0.000000,0.000000,0.000000,0.000000,620.570972,one thread per output,NVIDIA GeForce RTX 5090
shared_tile,shared_memory_tiling,2048,3,3,64,3,1,683,683,4,14,1.454882,0.001246,1.452960,1108.121252,0.000000,0.000000,0.000000,0.000000,620.570972,"16x16 output tile, shared input tile",NVIDIA GeForce RTX 5090
register_block2,register_blocking,2048,3,3,64,3,1,683,683,4,14,0.549931,0.002931,0.543136,2931.612768,0.000000,0.000000,0.000000,0.000000,620.570972,one thread computes two neighboring outputs,NVIDIA GeForce RTX 5090
cross_channel4,cross_output_channel_reuse,2048,3,3,64,3,1,683,683,4,14,0.150043,0.000961,0.148320,10744.795655,0.000000,0.000000,0.000000,0.000000,620.570972,one thread reuses input patch for four filters,NVIDIA GeForce RTX 5090
implicit_im2col,implicit_im2col,2048,3,3,64,3,1,683,683,4,14,0.292007,0.000458,0.291680,5521.055274,0.000000,0.000000,0.000000,0.000000,620.570972,GEMM-like block layout without materialized columns,NVIDIA GeForce RTX 5090
tensor_core_tf32,tensor_core_tf32_gemmex,2048,3,3,64,3,1,683,683,4,14,0.177845,0.001601,0.175488,9065.140268,48.046886,0.060825,0.108299,0.000178,620.822057,explicit im2col plus cublasGemmEx FAST_TF32,NVIDIA GeForce RTX 5090
direct_baseline,baseline,4096,3,3,64,1,1,4096,4096,3,6,7.762240,0.039489,7.689184,7469.758447,0.000000,0.000000,0.000000,0.000000,2913.720827,one thread per output,NVIDIA GeForce RTX 5090
shared_tile,shared_memory_tiling,4096,3,3,64,1,1,4096,4096,3,6,14.267200,0.042536,14.181120,4064.011100,0.000000,0.000000,0.000000,0.000000,2913.720827,"16x16 output tile, shared input tile",NVIDIA GeForce RTX 5090
register_block2,register_blocking,4096,3,3,64,1,1,4096,4096,3,6,6.534507,0.028873,6.495328,8873.211461,0.000000,0.000000,0.000000,0.000000,2913.720827,one thread computes two neighboring outputs,NVIDIA GeForce RTX 5090
cross_channel4,cross_output_channel_reuse,4096,3,3,64,1,1,4096,4096,3,6,4.899563,0.006248,4.890912,11834.129354,0.000000,0.000000,0.000000,0.000000,2913.720827,one thread reuses input patch for four filters,NVIDIA GeForce RTX 5090
implicit_im2col,implicit_im2col,4096,3,3,64,1,1,4096,4096,3,6,10.852261,0.123055,10.618400,5342.854954,0.000000,0.000000,0.000000,0.000000,2913.720827,GEMM-like block layout without materialized columns,NVIDIA GeForce RTX 5090
tensor_core_tf32,tensor_core_tf32_gemmex,4096,3,3,64,1,1,4096,4096,3,6,5.888619,0.009687,5.874080,9846.461687,1728.000000,1.614800,4.262949,0.000215,2913.603831,explicit im2col plus cublasGemmEx FAST_TF32,NVIDIA GeForce RTX 5090
direct_baseline,baseline,4096,3,3,64,2,1,2048,2048,3,6,2.142715,0.001531,2.140576,6765.023188,0.000000,0.000000,0.000000,0.000000,-1639.118048,one thread per output,NVIDIA GeForce RTX 5090
shared_tile,shared_memory_tiling,4096,3,3,64,2,1,2048,2048,3,6,8.531381,0.003113,8.528480,1699.081825,0.000000,0.000000,0.000000,0.000000,-1639.118048,"16x16 output tile, shared input tile",NVIDIA GeForce RTX 5090
register_block2,register_blocking,4096,3,3,64,2,1,2048,2048,3,6,3.315232,0.035532,3.239072,4372.398260,0.000000,0.000000,0.000000,0.000000,-1639.118048,one thread computes two neighboring outputs,NVIDIA GeForce RTX 5090
cross_channel4,cross_output_channel_reuse,4096,3,3,64,2,1,2048,2048,3,6,1.733077,0.001418,1.731488,8364.032230,0.000000,0.000000,0.000000,0.000000,-1639.118048,one thread reuses input patch for four filters,NVIDIA GeForce RTX 5090
implicit_im2col,implicit_im2col,4096,3,3,64,2,1,2048,2048,3,6,2.854805,0.021874,2.823040,5077.584229,0.000000,0.000000,0.000000,0.000000,-1639.118048,GEMM-like block layout without materialized columns,NVIDIA GeForce RTX 5090
tensor_core_tf32,tensor_core_tf32_gemmex,4096,3,3,64,2,1,2048,2048,3,6,1.898363,0.004470,1.890656,7635.798367,432.000000,0.802843,1.086629,0.000217,-1639.121273,explicit im2col plus cublasGemmEx FAST_TF32,NVIDIA GeForce RTX 5090
direct_baseline,baseline,4096,3,3,64,3,1,1366,1366,3,6,2.498155,0.003259,2.493280,2581.403062,0.000000,0.000000,0.000000,0.000000,573.932605,one thread per output,NVIDIA GeForce RTX 5090
shared_tile,shared_memory_tiling,4096,3,3,64,3,1,1366,1366,3,6,10.216320,0.017383,10.203040,631.219853,0.000000,0.000000,0.000000,0.000000,573.932605,"16x16 output tile, shared input tile",NVIDIA GeForce RTX 5090
register_block2,register_blocking,4096,3,3,64,3,1,1366,1366,3,6,5.086091,0.028863,5.044928,1267.917598,0.000000,0.000000,0.000000,0.000000,573.932605,one thread computes two neighboring outputs,NVIDIA GeForce RTX 5090
cross_channel4,cross_output_channel_reuse,4096,3,3,64,3,1,1366,1366,3,6,2.284768,0.002513,2.281280,2822.494003,0.000000,0.000000,0.000000,0.000000,573.932605,one thread reuses input patch for four filters,NVIDIA GeForce RTX 5090
implicit_im2col,implicit_im2col,4096,3,3,64,3,1,1366,1366,3,6,1.310229,0.001021,1.309376,4921.843629,0.000000,0.000000,0.000000,0.000000,573.932605,GEMM-like block layout without materialized columns,NVIDIA GeForce RTX 5090
tensor_core_tf32,tensor_core_tf32_gemmex,4096,3,3,64,3,1,1366,1366,3,6,0.851019,0.007784,0.836032,7577.676330,192.187546,0.365285,0.476789,0.000193,573.781222,explicit im2col plus cublasGemmEx FAST_TF32,NVIDIA GeForce RTX 5090
direct_baseline,baseline,256,3,3,128,1,1,256,256,6,60,0.071318,0.001037,0.070304,6351.584274,0.000000,0.000000,0.000000,0.000000,-260.476316,one thread per output,NVIDIA GeForce RTX 5090
shared_tile,shared_memory_tiling,256,3,3,128,1,1,256,256,6,60,0.087095,0.000445,0.085216,5201.046846,0.000000,0.000000,0.000000,0.000000,-260.476316,"16x16 output tile, shared input tile",NVIDIA GeForce RTX 5090
register_block2,register_blocking,256,3,3,128,1,1,256,256,6,60,0.050459,0.000710,0.049408,8977.249587,0.000000,0.000000,0.000000,0.000000,-260.476316,one thread computes two neighboring outputs,NVIDIA GeForce RTX 5090
cross_channel4,cross_output_channel_reuse,256,3,3,128,1,1,256,256,6,60,0.038317,0.000863,0.037440,11821.930156,0.000000,0.000000,0.000000,0.000000,-260.476316,one thread reuses input patch for four filters,NVIDIA GeForce RTX 5090
implicit_im2col,implicit_im2col,256,3,3,128,1,1,256,256,6,60,0.081350,0.000648,0.080800,5568.353777,0.000000,0.000000,0.000000,0.000000,-260.476316,GEMM-like block layout without materialized columns,NVIDIA GeForce RTX 5090
tensor_core_tf32,tensor_core_tf32_gemmex,256,3,3,128,1,1,256,256,6,60,0.037251,0.001210,0.035712,12160.274901,6.750000,0.007800,0.021615,0.000167,-260.471811,explicit im2col plus cublasGemmEx FAST_TF32,NVIDIA GeForce RTX 5090
direct_baseline,baseline,256,3,3,128,2,1,128,128,6,60,0.021880,0.000724,0.020640,5175.786496,0.000000,0.000000,0.000000,0.000000,-177.514266,one thread per output,NVIDIA GeForce RTX 5090
shared_tile,shared_memory_tiling,256,3,3,128,2,1,128,128,6,60,0.045533,0.000897,0.044192,2487.134711,0.000000,0.000000,0.000000,0.000000,-177.514266,"16x16 output tile, shared input tile",NVIDIA GeForce RTX 5090
register_block2,register_blocking,256,3,3,128,2,1,128,128,6,60,0.019958,0.000702,0.019264,5674.264216,0.000000,0.000000,0.000000,0.000000,-177.514266,one thread computes two neighboring outputs,NVIDIA GeForce RTX 5090
cross_channel4,cross_output_channel_reuse,256,3,3,128,2,1,128,128,6,60,0.013625,0.000596,0.012288,8311.607617,0.000000,0.000000,0.000000,0.000000,-177.514266,one thread reuses input patch for four filters,NVIDIA GeForce RTX 5090
implicit_im2col,implicit_im2col,256,3,3,128,2,1,128,128,6,60,0.023445,0.000445,0.022656,4830.333736,0.000000,0.000000,0.000000,0.000000,-177.514266,GEMM-like block layout without materialized columns,NVIDIA GeForce RTX 5090
tensor_core_tf32,tensor_core_tf32_gemmex,256,3,3,128,2,1,128,128,6,60,0.020721,0.001091,0.019840,5465.269280,1.687500,0.004227,0.008711,0.000151,-177.494757,explicit im2col plus cublasGemmEx FAST_TF32,NVIDIA GeForce RTX 5090
direct_baseline,baseline,256,3,3,128,3,1,86,86,6,60,0.017172,0.000600,0.015712,2977.052510,0.000000,0.000000,0.000000,0.000000,215.462470,one thread per output,NVIDIA GeForce RTX 5090
shared_tile,shared_memory_tiling,256,3,3,128,3,1,86,86,6,60,0.058933,0.000691,0.058336,867.440368,0.000000,0.000000,0.000000,0.000000,215.462470,"16x16 output tile, shared input tile",NVIDIA GeForce RTX 5090
register_block2,register_blocking,256,3,3,128,3,1,86,86,6,60,0.017725,0.000509,0.016832,2884.159608,0.000000,0.000000,0.000000,0.000000,215.462470,one thread computes two neighboring outputs,NVIDIA GeForce RTX 5090
cross_channel4,cross_output_channel_reuse,256,3,3,128,3,1,86,86,6,60,0.009175,0.000571,0.008128,5571.504319,0.000000,0.000000,0.000000,0.000000,215.462470,one thread reuses input patch for four filters,NVIDIA GeForce RTX 5090
implicit_im2col,implicit_im2col,256,3,3,128,3,1,86,86,6,60,0.013247,0.000378,0.012416,3858.937948,0.000000,0.000000,0.000000,0.000000,215.462470,GEMM-like block layout without materialized columns,NVIDIA GeForce RTX 5090
tensor_core_tf32,tensor_core_tf32_gemmex,256,3,3,128,3,1,86,86,6,60,0.018126,0.000492,0.017056,2820.342538,0.761765,0.003723,0.006673,0.000181,215.427536,explicit im2col plus cublasGemmEx FAST_TF32,NVIDIA GeForce RTX 5090
direct_baseline,baseline,512,3,3,128,1,1,512,512,6,45,0.296663,0.001408,0.295584,6107.741159,0.000000,0.000000,0.000000,0.000000,54.965486,one thread per output,NVIDIA GeForce RTX 5090
shared_tile,shared_memory_tiling,512,3,3,128,1,1,512,512,6,45,0.350617,0.000854,0.348992,5167.860929,0.000000,0.000000,0.000000,0.000000,54.965486,"16x16 output tile, shared input tile",NVIDIA GeForce RTX 5090
register_block2,register_blocking,512,3,3,128,1,1,512,512,6,45,0.217700,0.000785,0.215904,8323.091851,0.000000,0.000000,0.000000,0.000000,54.965486,one thread computes two neighboring outputs,NVIDIA GeForce RTX 5090
cross_channel4,cross_output_channel_reuse,512,3,3,128,1,1,512,512,6,45,0.153333,0.001081,0.152192,11817.050169,0.000000,0.000000,0.000000,0.000000,54.965486,one thread reuses input patch for four filters,NVIDIA GeForce RTX 5090
implicit_im2col,implicit_im2col,512,3,3,128,1,1,512,512,6,45,0.328563,0.000494,0.326720,5514.736061,0.000000,0.000000,0.000000,0.000000,54.965486,GEMM-like block layout without materialized columns,NVIDIA GeForce RTX 5090
tensor_core_tf32,tensor_core_tf32_gemmex,512,3,3,128,1,1,512,512,6,45,0.125559,0.001363,0.122592,14431.007409,27.000000,0.022300,0.094717,0.000165,54.834426,explicit im2col plus cublasGemmEx FAST_TF32,NVIDIA GeForce RTX 5090
direct_baseline,baseline,512,3,3,128,2,1,256,256,6,45,0.089778,0.001226,0.088224,5045.623074,0.000000,0.000000,0.000000,0.000000,-81.389154,one thread per output,NVIDIA GeForce RTX 5090
shared_tile,shared_memory_tiling,512,3,3,128,2,1,256,256,6,45,0.171292,0.000520,0.170432,2644.522425,0.000000,0.000000,0.000000,0.000000,-81.389154,"16x16 output tile, shared input tile",NVIDIA GeForce RTX 5090
register_block2,register_blocking,512,3,3,128,2,1,256,256,6,45,0.075639,0.001013,0.074112,5988.736480,0.000000,0.000000,0.000000,0.000000,-81.389154,one thread computes two neighboring outputs,NVIDIA GeForce RTX 5090
cross_channel4,cross_output_channel_reuse,512,3,3,128,2,1,256,256,6,45,0.039263,0.000897,0.037888,11537.317700,0.000000,0.000000,0.000000,0.000000,-81.389154,one thread reuses input patch for four filters,NVIDIA GeForce RTX 5090
implicit_im2col,implicit_im2col,512,3,3,128,2,1,256,256,6,45,0.081761,0.000944,0.080736,5540.324814,0.000000,0.000000,0.000000,0.000000,-81.389154,GEMM-like block layout without materialized columns,NVIDIA GeForce RTX 5090
tensor_core_tf32,tensor_core_tf32_gemmex,512,3,3,128,2,1,256,256,6,45,0.037621,0.001184,0.035136,12040.865007,6.750000,0.007696,0.021966,0.000158,-81.597275,explicit im2col plus cublasGemmEx FAST_TF32,NVIDIA GeForce RTX 5090
direct_baseline,baseline,512,3,3,128,3,1,171,171,6,45,0.057295,0.001169,0.056192,3527.603227,0.000000,0.000000,0.000000,0.000000,19.105705,one thread per output,NVIDIA GeForce RTX 5090
shared_tile,shared_memory_tiling,512,3,3,128,3,1,171,171,6,45,0.193720,0.000406,0.192928,1043.328551,0.000000,0.000000,0.000000,0.000000,19.105705,"16x16 output tile, shared input tile",NVIDIA GeForce RTX 5090
register_block2,register_blocking,512,3,3,128,3,1,171,171,6,45,0.063767,0.001135,0.061600,3169.544013,0.000000,0.000000,0.000000,0.000000,19.105705,one thread computes two neighboring outputs,NVIDIA GeForce RTX 5090
cross_channel4,cross_output_channel_reuse,512,3,3,128,3,1,171,171,6,45,0.021572,0.000453,0.020672,9369.149535,0.000000,0.000000,0.000000,0.000000,19.105705,one thread reuses input patch for four filters,NVIDIA GeForce RTX 5090
implicit_im2col,implicit_im2col,512,3,3,128,3,1,171,171,6,45,0.038495,0.000884,0.037728,5250.448355,0.000000,0.000000,0.000000,0.000000,19.105705,GEMM-like block layout without materialized columns,NVIDIA GeForce RTX 5090
tensor_core_tf32,tensor_core_tf32_gemmex,512,3,3,128,3,1,171,171,6,45,0.026748,0.000926,0.025728,7556.095179,3.011730,0.005834,0.012884,0.000168,19.130334,explicit im2col plus cublasGemmEx FAST_TF32,NVIDIA GeForce RTX 5090
direct_baseline,baseline,1024,3,3,128,1,1,1024,1024,6,30,0.991783,0.003012,0.988000,7307.802117,0.000000,0.000000,0.000000,0.000000,-2157.896636,one thread per output,NVIDIA GeForce RTX 5090
shared_tile,shared_memory_tiling,1024,3,3,128,1,1,1024,1024,6,30,1.415599,0.003050,1.411936,5119.922813,0.000000,0.000000,0.000000,0.000000,-2157.896636,"16x16 output tile, shared input tile",NVIDIA GeForce RTX 5090
register_block2,register_blocking,1024,3,3,128,1,1,1024,1024,6,30,0.863036,0.023937,0.830336,8397.980550,0.000000,0.000000,0.000000,0.000000,-2157.896636,one thread computes two neighboring outputs,NVIDIA GeForce RTX 5090
cross_channel4,cross_output_channel_reuse,1024,3,3,128,1,1,1024,1024,6,30,0.655132,0.002153,0.645856,11063.053274,0.000000,0.000000,0.000000,0.000000,-2157.896636,one thread reuses input patch for four filters,NVIDIA GeForce RTX 5090
implicit_im2col,implicit_im2col,1024,3,3,128,1,1,1024,1024,6,30,1.355728,0.029641,1.323744,5346.026135,0.000000,0.000000,0.000000,0.000000,-2157.896636,GEMM-like block layout without materialized columns,NVIDIA GeForce RTX 5090
tensor_core_tf32,tensor_core_tf32_gemmex,1024,3,3,128,1,1,1024,1024,6,30,0.538576,0.002316,0.534848,13457.260120,108.000000,0.077296,0.452893,0.000103,-2157.896844,explicit im2col plus cublasGemmEx FAST_TF32,NVIDIA GeForce RTX 5090
direct_baseline,baseline,1024,3,3,128,2,1,512,512,6,30,0.368975,0.001060,0.366720,4910.738240,0.000000,0.000000,0.000000,0.000000,-399.806159,one thread per output,NVIDIA GeForce RTX 5090
shared_tile,shared_memory_tiling,1024,3,3,128,2,1,512,512,6,30,0.692886,0.001523,0.690944,2615.059708,0.000000,0.000000,0.000000,0.000000,-399.806159,"16x16 output tile, shared input tile",NVIDIA GeForce RTX 5090
register_block2,register_blocking,1024,3,3,128,2,1,512,512,6,30,0.388164,0.001943,0.383936,4667.970450,0.000000,0.000000,0.000000,0.000000,-399.806159,one thread computes two neighboring outputs,NVIDIA GeForce RTX 5090
cross_channel4,cross_output_channel_reuse,1024,3,3,128,2,1,512,512,6,30,0.155921,0.000876,0.154400,11620.875425,0.000000,0.000000,0.000000,0.000000,-399.806159,one thread reuses input patch for four filters,NVIDIA GeForce RTX 5090
implicit_im2col,implicit_im2col,1024,3,3,128,2,1,512,512,6,30,0.325191,0.000837,0.324448,5571.915354,0.000000,0.000000,0.000000,0.000000,-399.806159,GEMM-like block layout without materialized columns,NVIDIA GeForce RTX 5090
tensor_core_tf32,tensor_core_tf32_gemmex,1024,3,3,128,2,1,512,512,6,30,0.134811,0.001332,0.132416,13440.622802,27.000000,0.025909,0.100400,0.000182,-399.712575,explicit im2col plus cublasGemmEx FAST_TF32,NVIDIA GeForce RTX 5090
direct_baseline,baseline,1024,3,3,128,3,1,342,342,6,30,0.228745,0.001147,0.226272,3534.314701,0.000000,0.000000,0.000000,0.000000,80.885033,one thread per output,NVIDIA GeForce RTX 5090
shared_tile,shared_memory_tiling,1024,3,3,128,3,1,342,342,6,30,0.754822,0.000520,0.752736,1071.053497,0.000000,0.000000,0.000000,0.000000,80.885033,"16x16 output tile, shared input tile",NVIDIA GeForce RTX 5090
register_block2,register_blocking,1024,3,3,128,3,1,342,342,6,30,0.269118,0.001779,0.265248,3004.093296,0.000000,0.000000,0.000000,0.000000,80.885033,one thread computes two neighboring outputs,NVIDIA GeForce RTX 5090
cross_channel4,cross_output_channel_reuse,1024,3,3,128,3,1,342,342,6,30,0.075731,0.001126,0.074592,10675.324837,0.000000,0.000000,0.000000,0.000000,80.885033,one thread reuses input patch for four filters,NVIDIA GeForce RTX 5090
implicit_im2col,implicit_im2col,1024,3,3,128,3,1,342,342,6,30,0.148406,0.000624,0.146528,5447.576122,0.000000,0.000000,0.000000,0.000000,80.885033,GEMM-like block layout without materialized columns,NVIDIA GeForce RTX 5090
tensor_core_tf32,tensor_core_tf32_gemmex,1024,3,3,128,3,1,342,342,6,30,0.054869,0.000777,0.054400,14734.189849,12.046921,0.011767,0.035076,0.000189,80.943690,explicit im2col plus cublasGemmEx FAST_TF32,NVIDIA GeForce RTX 5090
direct_baseline,baseline,2048,3,3,128,1,1,2048,2048,4,14,3.899767,0.027411,3.864064,7434.041690,0.000000,0.000000,0.000000,0.000000,208.501678,one thread per output,NVIDIA GeForce RTX 5090
shared_tile,shared_memory_tiling,2048,3,3,128,1,1,2048,2048,4,14,5.955058,0.095668,5.730528,4868.303204,0.000000,0.000000,0.000000,0.000000,208.501678,"16x16 output tile, shared input tile",NVIDIA GeForce RTX 5090
register_block2,register_blocking,2048,3,3,128,1,1,2048,2048,4,14,3.349689,0.026299,3.317440,8654.841647,0.000000,0.000000,0.000000,0.000000,208.501678,one thread computes two neighboring outputs,NVIDIA GeForce RTX 5090
cross_channel4,cross_output_channel_reuse,2048,3,3,128,1,1,2048,2048,4,14,2.468594,0.026473,2.446240,11743.942413,0.000000,0.000000,0.000000,0.000000,208.501678,one thread reuses input patch for four filters,NVIDIA GeForce RTX 5090
implicit_im2col,implicit_im2col,2048,3,3,128,1,1,2048,2048,4,14,5.469145,0.056418,5.405376,5300.833748,0.000000,0.000000,0.000000,0.000000,208.501678,GEMM-like block layout without materialized columns,NVIDIA GeForce RTX 5090
tensor_core_tf32,tensor_core_tf32_gemmex,2048,3,3,128,1,1,2048,2048,4,14,2.440846,0.004355,2.433568,11877.452605,432.000000,0.558654,1.873454,0.000105,208.507656,explicit im2col plus cublasGemmEx FAST_TF32,NVIDIA GeForce RTX 5090
direct_baseline,baseline,2048,3,3,128,2,1,1024,1024,4,14,1.050251,0.000840,1.049280,6900.973505,0.000000,0.000000,0.000000,0.000000,-573.210421,one thread per output,NVIDIA GeForce RTX 5090
shared_tile,shared_memory_tiling,2048,3,3,128,2,1,1024,1024,4,14,2.799689,0.007809,2.787104,2588.772180,0.000000,0.000000,0.000000,0.000000,-573.210421,"16x16 output tile, shared input tile",NVIDIA GeForce RTX 5090
register_block2,register_blocking,2048,3,3,128,2,1,1024,1024,4,14,1.526631,0.011715,1.508320,4747.550659,0.000000,0.000000,0.000000,0.000000,-573.210421,one thread computes two neighboring outputs,NVIDIA GeForce RTX 5090
cross_channel4,cross_output_channel_reuse,2048,3,3,128,2,1,1024,1024,4,14,0.651566,0.000929,0.649984,11123.601371,0.000000,0.000000,0.000000,0.000000,-573.210421,one thread reuses input patch for four filters,NVIDIA GeForce RTX 5090
implicit_im2col,implicit_im2col,2048,3,3,128,2,1,1024,1024,4,14,1.351287,0.003264,1.342656,5363.596405,0.000000,0.000000,0.000000,0.000000,-573.210421,GEMM-like block layout without materialized columns,NVIDIA GeForce RTX 5090
tensor_core_tf32,tensor_core_tf32_gemmex,2048,3,3,128,2,1,1024,1024,4,14,0.562103,0.001696,0.559552,12894.005336,108.000000,0.098633,0.455131,0.000124,-573.213344,explicit im2col plus cublasGemmEx FAST_TF32,NVIDIA GeForce RTX 5090
direct_baseline,baseline,2048,3,3,128,3,1,683,683,4,14,0.908866,0.001680,0.906240,3547.685762,0.000000,0.000000,0.000000,0.000000,338.879951,one thread per output,NVIDIA GeForce RTX 5090
shared_tile,shared_memory_tiling,2048,3,3,128,3,1,683,683,4,14,2.913456,0.001229,2.911488,1106.717223,0.000000,0.000000,0.000000,0.000000,338.879951,"16x16 output tile, shared input tile",NVIDIA GeForce RTX 5090
register_block2,register_blocking,2048,3,3,128,3,1,683,683,4,14,1.109070,0.003881,1.101248,2907.276187,0.000000,0.000000,0.000000,0.000000,338.879951,one thread computes two neighboring outputs,NVIDIA GeForce RTX 5090
cross_channel4,cross_output_channel_reuse,2048,3,3,128,3,1,683,683,4,14,0.299518,0.004363,0.295456,10765.212912,0.000000,0.000000,0.000000,0.000000,338.879951,one thread reuses input patch for four filters,NVIDIA GeForce RTX 5090
implicit_im2col,implicit_im2col,2048,3,3,128,3,1,683,683,4,14,0.596514,0.000961,0.594816,5405.355795,0.000000,0.000000,0.000000,0.000000,338.879951,GEMM-like block layout without materialized columns,NVIDIA GeForce RTX 5090
tensor_core_tf32,tensor_core_tf32_gemmex,2048,3,3,128,3,1,683,683,4,14,0.269056,0.001659,0.265792,11984.017849,48.046886,0.063211,0.197433,0.000184,339.171547,explicit im2col plus cublasGemmEx FAST_TF32,NVIDIA GeForce RTX 5090
direct_baseline,baseline,4096,3,3,128,2,1,2048,2048,3,6,4.113995,0.005240,4.109632,7046.929206,0.000000,0.000000,0.000000,0.000000,-1993.240692,one thread per output,NVIDIA GeForce RTX 5090
shared_tile,shared_memory_tiling,4096,3,3,128,2,1,2048,2048,3,6,17.220971,0.060462,17.111233,1683.472413,0.000000,0.000000,0.000000,0.000000,-1993.240692,"16x16 output tile, shared input tile",NVIDIA GeForce RTX 5090
register_block2,register_blocking,4096,3,3,128,2,1,2048,2048,3,6,6.635195,0.058675,6.569696,4369.280867,0.000000,0.000000,0.000000,0.000000,-1993.240692,one thread computes two neighboring outputs,NVIDIA GeForce RTX 5090
cross_channel4,cross_output_channel_reuse,4096,3,3,128,2,1,2048,2048,3,6,2.570560,0.008161,2.562752,11278.098737,0.000000,0.000000,0.000000,0.000000,-1993.240692,one thread reuses input patch for four filters,NVIDIA GeForce RTX 5090
implicit_im2col,implicit_im2col,4096,3,3,128,2,1,2048,2048,3,6,5.700587,0.008546,5.685728,5085.622076,0.000000,0.000000,0.000000,0.000000,-1993.240692,GEMM-like block layout without materialized columns,NVIDIA GeForce RTX 5090
tensor_core_tf32,tensor_core_tf32_gemmex,4096,3,3,128,2,1,2048,2048,3,6,2.689109,0.003853,2.681280,10780.903913,432.000000,0.804709,1.875451,0.000144,-1993.242446,explicit im2col plus cublasGemmEx FAST_TF32,NVIDIA GeForce RTX 5090
direct_baseline,baseline,4096,3,3,128,3,1,1366,1366,3,6,3.784784,0.082046,3.667712,3407.720989,0.000000,0.000000,0.000000,0.000000,-277.115336,one thread per output,NVIDIA GeForce RTX 5090
shared_tile,shared_memory_tiling,4096,3,3,128,3,1,1366,1366,3,6,20.422218,0.003668,20.417503,631.541964,0.000000,0.000000,0.000000,0.000000,-277.115336,"16x16 output tile, shared input tile",NVIDIA GeForce RTX 5090
register_block2,register_blocking,4096,3,3,128,3,1,1366,1366,3,6,7.031861,0.078022,6.916992,1834.149944,0.000000,0.000000,0.000000,0.000000,-277.115336,one thread computes two neighboring outputs,NVIDIA GeForce RTX 5090
cross_channel4,cross_output_channel_reuse,4096,3,3,128,3,1,1366,1366,3,6,2.864725,0.002549,2.859936,4502.172624,0.000000,0.000000,0.000000,0.000000,-277.115336,one thread reuses input patch for four filters,NVIDIA GeForce RTX 5090
implicit_im2col,implicit_im2col,4096,3,3,128,3,1,1366,1366,3,6,2.626741,0.001378,2.624384,4910.071550,0.000000,0.000000,0.000000,0.000000,-277.115336,GEMM-like block layout without materialized columns,NVIDIA GeForce RTX 5090
tensor_core_tf32,tensor_core_tf32_gemmex,4096,3,3,128,3,1,1366,1366,3,6,1.201963,0.004529,1.196320,10730.356439,192.187546,0.365712,0.827312,0.000000,-277.115336,explicit im2col plus cublasGemmEx FAST_TF32,NVIDIA GeForce RTX 5090
